insulin	GAD65Ab.index	HEIGHT	WEIGHT1	WAIST	HIP	DIABETIC	INSULTAK	INSULNOW	POP	PIP	CORRSYS1	CORRDIA1	HIGHBP	HI_CHOL	HGB	GHB	CHOL1	trig	hdlc	ldlcalc	BMI1	Obese_cat	MFBG	MMOL_GLUC	FBG_lt100	HOMA_IR	HOMA_beta	HOMAIR_ABNORMAL	RACE	AGEDIAB	AGE_AT_VISIT	KETOACID	HCT	FADIAB	MODIAB	BIOSDIAB	MCORRSYS	MCORRDIA	c.peptide.ng.ml	age	gender	disease_duration	insulin_use	diabmed	first_deg_family
13.3	0.0136968	156	69.6	93.1	112.1	1	2	NA	137	175	122	67	1	1	12.9	4.33	167	100	60	80	28.2	2	109	6.009	NA	3.595582404	96.9	1	NA	54	63	0	40.7	2	2	3	117	72	2.51	63	2	9	0	0	1
18.6	0.0115212	155.8	134	134	136	1	1	NA	108	153	140	61	1	1	14.1	9.597385377	172	425	21	101	42.1	3	364	19.003	NA	16.40226557	23.01521077	1	NA	50	54	0	44.1	2	1	2	131	63	4.45	54	1	4	0	0	1
21.3	0.0616032	153.6	75.6	75.6	101	0	1	NA	NA	NA	119	69	2	2	14	6.1	153	191	29	84	33	3	97.4	5.445	NA	5.580413758	97.9	1	NA	39	59	0	42	3	3	0	121	69	3.84	59	1	20	0	0	0
